Frame,10sds.csv_Upright_Rate,50sds.csv_Upright_Rate,100sds.csv_Upright_Rate,200sds.csv_Upright_Rate
0,0.8,0.96,0.85,0.63
1,0.8,0.82,0.8,0.735
2,0.9,0.62,0.73,0.685
3,0.8,0.72,0.75,0.66
4,0.6,0.68,0.73,0.695
5,0.6,0.66,0.7,0.68
6,0.6,0.6,0.74,0.725
7,0.7,0.72,0.69,0.735
8,0.5,0.58,0.71,0.725
9,0.7,0.5,0.64,0.69
10,0.5,0.56,0.71,0.645
11,0.6,0.54,0.7,0.66
12,0.5,0.56,0.69,0.75
13,0.4,0.48,0.65,0.725
14,0.6,0.6,0.62,0.69
15,0.5,0.4,0.65,0.72
16,0.5,0.5,0.6,0.725
17,0.5,0.56,0.65,0.7
18,0.5,0.5,0.67,0.74
19,0.5,0.44,0.59,0.68
20,0.4,0.56,0.72,0.68
21,0.6,0.6,0.65,0.71
22,0.4,0.38,0.62,0.69
23,0.3,0.5,0.66,0.67
24,0.3,0.56,0.63,0.655
25,0.3,0.42,0.68,0.71
26,0.5,0.36,0.6,0.67
27,0.4,0.32,0.66,0.685
28,0.5,0.46,0.65,0.68
29,0.4,0.42,0.66,0.695
30,0.4,0.34,0.62,0.63
31,0.3,0.44,0.68,0.62
32,0.5,0.34,0.66,0.645
33,0.4,0.46,0.62,0.615
34,0.4,0.36,0.69,0.675
35,0.4,0.56,0.74,0.65
36,0.5,0.44,0.64,0.62
37,0.4,0.48,0.59,0.655
38,0.3,0.4,0.7,0.67
39,0.3,0.38,0.68,0.65
40,0.3,0.46,0.64,0.63
41,0.2,0.4,0.58,0.7
42,0.3,0.44,0.69,0.595
43,0.5,0.42,0.65,0.62
44,0.3,0.46,0.58,0.66
45,0.2,0.36,0.58,0.655
46,0.4,0.4,0.62,0.61
47,0.4,0.34,0.62,0.645
48,0.4,0.44,0.51,0.65
49,0.6,0.38,0.61,0.62
50,0.4,0.54,0.64,0.675
51,0.2,0.42,0.65,0.61
52,0.2,0.34,0.67,0.66
53,0.4,0.38,0.67,0.675
54,0.2,0.48,0.65,0.655
55,0.1,0.44,0.7,0.665
56,0.4,0.56,0.69,0.635
57,0.4,0.5,0.61,0.715
58,0.4,0.42,0.6,0.675
59,0.4,0.44,0.57,0.67
60,0.4,0.48,0.48,0.65
61,0.3,0.52,0.62,0.655
62,0.4,0.6,0.56,0.615
63,0.1,0.62,0.56,0.665
64,0.2,0.52,0.58,0.615
65,0.3,0.5,0.57,0.68
66,0.3,0.52,0.61,0.64
67,0.3,0.46,0.54,0.665
68,0.4,0.48,0.57,0.605
69,0.5,0.56,0.58,0.665
70,0.2,0.38,0.55,0.64
71,0.2,0.5,0.59,0.63
72,0.2,0.44,0.59,0.675
73,0.4,0.4,0.5,0.725
74,0.2,0.48,0.56,0.66
75,0.3,0.48,0.42,0.705
76,0.3,0.54,0.47,0.685
77,0.5,0.48,0.54,0.625
78,0.3,0.56,0.57,0.575
79,0.4,0.5,0.5,0.685
80,0.3,0.4,0.51,0.655
81,0.2,0.54,0.53,0.64
82,0.4,0.54,0.56,0.68
83,0.3,0.44,0.52,0.65
84,0.3,0.4,0.53,0.64
85,0.2,0.4,0.54,0.685
86,0.2,0.38,0.57,0.65
87,0.1,0.4,0.5,0.685
88,0.6,0.5,0.6,0.725
89,0.6,0.46,0.56,0.61
90,0.5,0.42,0.53,0.67
91,0.6,0.42,0.47,0.61
92,0.5,0.42,0.57,0.675
93,0.5,0.42,0.55,0.66
94,0.5,0.4,0.55,0.655
95,0.5,0.52,0.59,0.635
96,0.4,0.44,0.62,0.62
97,0.2,0.54,0.61,0.63
98,0.3,0.48,0.55,0.655
99,0.2,0.36,0.49,0.63
100,0.1,0.32,0.55,0.63
101,0.1,0.26,0.48,0.625
102,0.2,0.34,0.58,0.68
103,0.3,0.5,0.52,0.625
104,0.1,0.52,0.51,0.56
105,0.4,0.58,0.52,0.63
106,0.1,0.54,0.49,0.65
107,0.2,0.5,0.48,0.675
108,0.2,0.54,0.54,0.58
109,0.2,0.44,0.55,0.68
110,0.2,0.38,0.5,0.67
111,0.2,0.48,0.52,0.615
112,0.3,0.54,0.52,0.625
113,0.2,0.44,0.59,0.695
114,0.2,0.44,0.49,0.665
115,0.1,0.46,0.55,0.695
116,0.3,0.48,0.46,0.655
117,0.2,0.48,0.4,0.655
118,0.2,0.52,0.44,0.62
119,0.2,0.48,0.51,0.635
120,0.1,0.44,0.45,0.65
121,0.1,0.42,0.52,0.68
122,0.2,0.38,0.55,0.58
123,0.1,0.48,0.54,0.63
124,0.1,0.48,0.56,0.655
125,0.1,0.42,0.54,0.585
126,0.1,0.44,0.57,0.57
127,0.3,0.48,0.48,0.59
128,0.2,0.42,0.48,0.64
129,0.1,0.56,0.54,0.61
130,0.1,0.52,0.54,0.585
131,0.1,0.54,0.56,0.705
132,0.2,0.5,0.56,0.66
133,0.2,0.5,0.6,0.635
134,0.2,0.46,0.5,0.675
135,0.2,0.56,0.52,0.62
136,0.2,0.54,0.44,0.66
137,0.2,0.5,0.5,0.615
138,0.2,0.42,0.47,0.635
139,0.1,0.3,0.47,0.605
140,0.2,0.38,0.51,0.625
141,0.4,0.38,0.47,0.65
142,0.1,0.52,0.52,0.59
143,0.1,0.4,0.53,0.6
144,0.2,0.48,0.53,0.585
145,0.2,0.42,0.5,0.675
146,0.2,0.44,0.51,0.67
147,0.2,0.48,0.44,0.62
148,0.1,0.38,0.41,0.59
149,0.1,0.5,0.51,0.635
150,0.2,0.52,0.46,0.64
151,0.2,0.52,0.43,0.635
152,0.2,0.42,0.41,0.57
153,0.1,0.52,0.44,0.575
154,0.2,0.5,0.44,0.65
155,0.2,0.5,0.46,0.66
156,0.1,0.54,0.42,0.6
157,0.3,0.56,0.44,0.66
158,0.3,0.48,0.46,0.635
159,0.1,0.56,0.51,0.64
160,0.1,0.4,0.44,0.63
161,0.1,0.46,0.47,0.62
162,0.2,0.44,0.44,0.67
163,0.1,0.36,0.5,0.645
164,0.2,0.42,0.48,0.66
165,0.0,0.42,0.52,0.66
166,0.1,0.42,0.49,0.65
167,0.2,0.52,0.61,0.595
168,0.2,0.5,0.49,0.64
169,0.1,0.54,0.56,0.635
170,0.2,0.56,0.51,0.65
171,0.2,0.44,0.56,0.595
172,0.1,0.44,0.54,0.675
173,0.1,0.48,0.54,0.65
174,0.2,0.42,0.57,0.595
175,0.2,0.32,0.57,0.61
176,0.3,0.4,0.54,0.625
177,0.2,0.42,0.55,0.635
178,0.1,0.44,0.5,0.595
179,0.0,0.46,0.48,0.675
180,0.1,0.44,0.46,0.65
181,0.1,0.34,0.52,0.615
182,0.1,0.44,0.45,0.605
183,0.1,0.36,0.47,0.61
184,0.1,0.4,0.56,0.59
185,0.0,0.28,0.51,0.61
186,0.0,0.38,0.57,0.665
187,0.0,0.34,0.64,0.605
188,0.2,0.38,0.62,0.705
189,0.1,0.38,0.57,0.59
190,0.1,0.38,0.59,0.68
191,0.1,0.32,0.6,0.64
192,0.1,0.34,0.6,0.63
193,0.0,0.32,0.55,0.62
194,0.1,0.36,0.63,0.595
195,0.1,0.34,0.53,0.67
196,0.1,0.28,0.63,0.63
197,0.0,0.32,0.57,0.64
198,0.1,0.26,0.55,0.66
199,0.1,0.26,0.62,0.585
200,0.1,0.26,0.6,0.625
201,0.1,0.34,0.54,0.535
202,0.1,0.36,0.52,0.605
203,0.0,0.4,0.53,0.625
204,0.0,0.36,0.58,0.605
205,0.0,0.38,0.52,0.62
206,0.0,0.32,0.51,0.655
207,0.1,0.4,0.48,0.58
208,0.1,0.34,0.56,0.645
209,0.1,0.42,0.59,0.66
210,0.1,0.44,0.55,0.625
211,0.1,0.42,0.53,0.585
212,0.0,0.34,0.56,0.65
213,0.0,0.4,0.51,0.59
214,0.1,0.32,0.55,0.615
215,0.0,0.26,0.47,0.615
216,0.0,0.34,0.52,0.595
217,0.1,0.4,0.56,0.635
218,0.0,0.32,0.51,0.645
219,0.0,0.32,0.52,0.59
220,0.0,0.4,0.6,0.58
221,0.0,0.34,0.54,0.65
222,0.0,0.4,0.54,0.6
223,0.0,0.4,0.49,0.59
224,0.0,0.4,0.51,0.62
225,0.0,0.36,0.48,0.6
226,0.1,0.4,0.54,0.615
227,0.1,0.38,0.53,0.63
228,0.1,0.4,0.49,0.67
229,0.1,0.48,0.44,0.635
230,0.1,0.36,0.48,0.62
231,0.2,0.36,0.45,0.64
232,0.0,0.42,0.51,0.66
233,0.2,0.38,0.55,0.66
234,0.2,0.42,0.57,0.67
235,0.1,0.48,0.55,0.57
236,0.1,0.46,0.56,0.645
237,0.1,0.46,0.55,0.62
238,0.1,0.4,0.52,0.61
239,0.0,0.32,0.55,0.635
240,0.0,0.34,0.51,0.6
241,0.1,0.38,0.58,0.63
242,0.0,0.34,0.53,0.645
243,0.0,0.34,0.51,0.59
244,0.0,0.38,0.51,0.635
245,0.0,0.36,0.52,0.57
246,0.0,0.42,0.5,0.67
247,0.0,0.34,0.46,0.575
248,0.0,0.38,0.5,0.695
249,0.0,0.36,0.5,0.615
250,0.0,0.3,0.54,0.655
251,0.1,0.28,0.53,0.66
252,0.0,0.38,0.56,0.64
253,0.0,0.28,0.53,0.635
254,0.2,0.42,0.54,0.605
255,0.0,0.36,0.54,0.585
256,0.0,0.32,0.48,0.63
257,0.0,0.36,0.47,0.59
258,0.0,0.36,0.52,0.65
259,0.0,0.4,0.44,0.645
260,0.1,0.38,0.52,0.59
261,0.0,0.36,0.57,0.675
262,0.0,0.3,0.54,0.635
263,0.0,0.42,0.56,0.62
264,0.0,0.4,0.59,0.62
265,0.0,0.4,0.56,0.685
266,0.0,0.36,0.54,0.625
267,0.0,0.32,0.58,0.615
268,0.1,0.38,0.59,0.67
269,0.1,0.36,0.6,0.6
270,0.3,0.28,0.57,0.585
271,0.1,0.34,0.61,0.625
272,0.0,0.38,0.56,0.61
273,0.0,0.42,0.55,0.59
274,0.0,0.34,0.57,0.705
275,0.0,0.36,0.63,0.645
276,0.0,0.32,0.56,0.605
277,0.0,0.3,0.61,0.66
278,0.0,0.36,0.57,0.665
279,0.0,0.34,0.58,0.68
280,0.0,0.32,0.54,0.6
281,0.0,0.36,0.57,0.655
282,0.0,0.36,0.51,0.655
283,0.0,0.38,0.53,0.61
284,0.1,0.32,0.52,0.645
285,0.0,0.36,0.55,0.675
286,0.0,0.28,0.58,0.58
287,0.1,0.24,0.6,0.585
288,0.0,0.4,0.59,0.635
289,0.0,0.34,0.58,0.61
290,0.0,0.32,0.56,0.635
291,0.0,0.36,0.56,0.595
292,0.0,0.3,0.51,0.615
293,0.0,0.4,0.47,0.58
294,0.0,0.46,0.45,0.605
295,0.0,0.42,0.49,0.645
296,0.2,0.46,0.5,0.615
297,0.1,0.46,0.53,0.575
298,0.3,0.48,0.53,0.61
299,0.2,0.46,0.47,0.555
300,0.2,0.44,0.5,0.61
301,0.0,0.46,0.46,0.725
302,0.1,0.4,0.48,0.625
303,0.0,0.42,0.64,0.645
304,0.0,0.52,0.54,0.65
305,0.0,0.44,0.5,0.615
306,0.0,0.5,0.57,0.65
307,0.0,0.5,0.57,0.635
308,0.0,0.4,0.6,0.595
309,0.0,0.36,0.55,0.64
310,0.0,0.3,0.56,0.575
311,0.0,0.34,0.56,0.65
312,0.0,0.32,0.56,0.645
313,0.0,0.4,0.55,0.64
314,0.0,0.36,0.52,0.635
315,0.0,0.3,0.56,0.665
316,0.0,0.26,0.53,0.665
317,0.0,0.26,0.53,0.655
318,0.0,0.38,0.5,0.665
319,0.0,0.36,0.42,0.655
320,0.1,0.34,0.42,0.65
321,0.0,0.42,0.4,0.64
322,0.0,0.32,0.44,0.655
323,0.0,0.28,0.44,0.65
324,0.0,0.3,0.41,0.62
325,0.0,0.38,0.5,0.545
326,0.0,0.44,0.44,0.61
327,0.0,0.38,0.4,0.61
328,0.0,0.42,0.46,0.645
329,0.0,0.34,0.48,0.625
330,0.0,0.34,0.51,0.605
331,0.0,0.38,0.45,0.59
332,0.0,0.34,0.54,0.61
333,0.0,0.44,0.45,0.68
334,0.0,0.44,0.45,0.56
335,0.0,0.42,0.46,0.635
336,0.1,0.36,0.44,0.615
337,0.0,0.42,0.49,0.69
338,0.0,0.44,0.42,0.665
339,0.0,0.36,0.5,0.665
340,0.0,0.28,0.5,0.675
341,0.0,0.28,0.45,0.63
342,0.0,0.34,0.49,0.665
343,0.0,0.42,0.46,0.66
344,0.0,0.4,0.56,0.665
345,0.0,0.3,0.54,0.6
346,0.0,0.34,0.54,0.695
347,0.0,0.34,0.44,0.665
348,0.0,0.42,0.48,0.635
349,0.0,0.34,0.49,0.645
350,0.0,0.3,0.49,0.66
351,0.0,0.4,0.57,0.6
352,0.1,0.3,0.58,0.695
353,0.0,0.4,0.48,0.585
354,0.0,0.4,0.49,0.65
355,0.0,0.36,0.55,0.625
356,0.0,0.4,0.55,0.64
357,0.0,0.44,0.59,0.63
358,0.0,0.42,0.57,0.705
359,0.1,0.34,0.55,0.63
360,0.0,0.4,0.56,0.555
361,0.0,0.44,0.51,0.61
362,0.0,0.38,0.61,0.705
363,0.0,0.42,0.53,0.605
364,0.4,0.4,0.57,0.645
365,0.2,0.44,0.62,0.63
366,0.2,0.44,0.64,0.63
367,0.1,0.4,0.57,0.645
368,0.0,0.32,0.64,0.625
369,0.1,0.34,0.59,0.65
370,0.1,0.34,0.63,0.615
371,0.0,0.32,0.57,0.61
372,0.0,0.28,0.59,0.635
373,0.0,0.24,0.6,0.565
374,0.0,0.3,0.49,0.635
375,0.0,0.32,0.46,0.61
376,0.2,0.34,0.54,0.615
377,0.2,0.38,0.46,0.665
378,0.0,0.34,0.53,0.675
379,0.0,0.34,0.51,0.675
380,0.0,0.3,0.5,0.605
381,0.0,0.34,0.51,0.625
382,0.1,0.34,0.42,0.68
383,0.1,0.38,0.44,0.61
384,0.0,0.32,0.53,0.675
385,0.0,0.42,0.46,0.7
386,0.0,0.44,0.46,0.65
387,0.0,0.42,0.5,0.65
388,0.1,0.34,0.49,0.66
389,0.2,0.34,0.57,0.63
390,0.1,0.38,0.5,0.675
391,0.1,0.46,0.41,0.65
392,0.1,0.34,0.47,0.645
393,0.0,0.42,0.48,0.695
394,0.1,0.36,0.5,0.67
395,0.0,0.32,0.45,0.665
396,0.1,0.32,0.47,0.64
397,0.1,0.38,0.43,0.635
398,0.1,0.36,0.39,0.665
399,0.0,0.36,0.45,0.605
400,0.1,0.4,0.49,0.61
401,0.0,0.42,0.46,0.61
402,0.0,0.38,0.5,0.67
403,0.0,0.36,0.49,0.595
404,0.0,0.38,0.44,0.6
405,0.0,0.38,0.43,0.555
406,0.1,0.42,0.48,0.65
407,0.0,0.3,0.4,0.585
408,0.0,0.34,0.51,0.63
409,0.0,0.38,0.5,0.675
410,0.0,0.44,0.48,0.595
411,0.1,0.42,0.54,0.69
412,0.0,0.34,0.51,0.665
413,0.0,0.36,0.51,0.595
414,0.0,0.34,0.56,0.665
415,0.0,0.34,0.5,0.675
416,0.0,0.26,0.49,0.585
417,0.0,0.3,0.48,0.59
418,0.0,0.24,0.48,0.645
419,0.0,0.26,0.49,0.61
420,0.2,0.3,0.49,0.66
421,0.2,0.36,0.53,0.685
422,0.0,0.42,0.56,0.71
423,0.1,0.34,0.61,0.65
424,0.0,0.5,0.58,0.605
425,0.0,0.42,0.58,0.67
426,0.0,0.42,0.63,0.67
427,0.1,0.42,0.6,0.61
428,0.0,0.34,0.6,0.63
429,0.0,0.4,0.59,0.635
430,0.1,0.32,0.59,0.605
431,0.2,0.36,0.56,0.655
432,0.4,0.32,0.59,0.65
433,0.3,0.4,0.53,0.635
434,0.0,0.42,0.62,0.61
435,0.0,0.42,0.62,0.635
436,0.1,0.42,0.58,0.735
437,0.7,0.42,0.57,0.645
438,0.4,0.38,0.56,0.62
439,0.1,0.36,0.58,0.67
440,0.0,0.3,0.55,0.69
441,0.0,0.38,0.57,0.645
442,0.0,0.46,0.55,0.64
443,0.0,0.42,0.5,0.655
444,0.0,0.34,0.55,0.66
445,0.0,0.34,0.54,0.66
446,0.0,0.44,0.52,0.6
447,0.0,0.4,0.5,0.62
448,0.0,0.32,0.45,0.645
449,0.0,0.3,0.5,0.65
450,0.0,0.26,0.39,0.69
451,0.0,0.4,0.43,0.655
452,0.2,0.32,0.46,0.675
453,0.0,0.42,0.48,0.62
454,0.1,0.28,0.46,0.595
455,0.0,0.34,0.5,0.55
456,0.0,0.34,0.41,0.64
457,0.0,0.34,0.46,0.64
458,0.1,0.42,0.43,0.595
459,0.0,0.36,0.37,0.62
460,0.0,0.24,0.47,0.61
461,0.0,0.36,0.48,0.63
462,0.0,0.38,0.53,0.6
463,0.0,0.36,0.45,0.665
464,0.0,0.44,0.48,0.625
465,0.0,0.32,0.53,0.615
466,0.0,0.36,0.51,0.595
467,0.0,0.38,0.47,0.63
468,0.0,0.34,0.52,0.625
469,0.0,0.34,0.5,0.61
470,0.0,0.38,0.52,0.625
471,0.0,0.36,0.52,0.595
472,0.0,0.36,0.52,0.69
473,0.0,0.34,0.57,0.635
474,0.0,0.34,0.51,0.65
475,0.0,0.32,0.62,0.66
476,0.0,0.38,0.55,0.675
477,0.0,0.38,0.51,0.675
478,0.0,0.4,0.51,0.605
479,0.0,0.42,0.52,0.635
480,0.0,0.4,0.53,0.635
481,0.0,0.42,0.54,0.625
482,0.0,0.4,0.52,0.63
483,0.0,0.4,0.52,0.66
484,0.0,0.36,0.49,0.625
485,0.0,0.38,0.56,0.645
486,0.0,0.44,0.48,0.645
487,0.0,0.38,0.51,0.555
488,0.0,0.4,0.49,0.63
489,0.0,0.36,0.56,0.665
490,0.0,0.26,0.52,0.62
491,0.0,0.36,0.61,0.665
492,0.3,0.36,0.61,0.6
493,0.4,0.28,0.56,0.63
494,0.1,0.4,0.54,0.655
495,0.1,0.4,0.53,0.68
496,0.1,0.34,0.56,0.62
497,0.1,0.4,0.51,0.615
498,0.0,0.38,0.46,0.615
499,0.0,0.4,0.45,0.655
