Frame,10nia.csv_Upright_Rate,50nia.csv_Upright_Rate,100nia.csv_Upright_Rate,200nia.csv_Upright_Rate
0,0.4,0.94,0.91,0.89
1,0.5,0.74,0.7,0.72
2,0.4,0.76,0.62,0.655
3,0.6,0.72,0.69,0.68
4,0.5,0.8,0.76,0.72
5,0.6,0.64,0.75,0.71
6,0.4,0.78,0.71,0.705
7,0.5,0.76,0.72,0.675
8,0.6,0.72,0.71,0.68
9,0.3,0.58,0.72,0.725
10,0.1,0.62,0.72,0.67
11,0.3,0.6,0.61,0.72
12,0.5,0.72,0.67,0.71
13,0.4,0.56,0.64,0.675
14,0.3,0.58,0.7,0.64
15,0.4,0.64,0.67,0.635
16,0.3,0.76,0.6,0.685
17,0.4,0.66,0.64,0.695
18,0.4,0.62,0.7,0.695
19,0.6,0.6,0.71,0.675
20,0.2,0.5,0.69,0.635
21,0.3,0.64,0.66,0.62
22,0.3,0.6,0.67,0.685
23,0.3,0.6,0.66,0.68
24,0.5,0.52,0.71,0.62
25,0.5,0.62,0.68,0.645
26,0.6,0.62,0.66,0.675
27,0.6,0.64,0.63,0.665
28,0.6,0.56,0.67,0.665
29,0.5,0.56,0.66,0.635
30,0.7,0.42,0.64,0.65
31,0.4,0.52,0.55,0.615
32,0.2,0.46,0.64,0.605
33,0.3,0.56,0.54,0.62
34,0.7,0.62,0.61,0.63
35,0.7,0.62,0.58,0.645
36,0.7,0.48,0.6,0.63
37,0.7,0.48,0.52,0.66
38,0.4,0.52,0.64,0.68
39,0.6,0.6,0.66,0.625
40,0.7,0.54,0.62,0.67
41,0.7,0.54,0.64,0.635
42,0.6,0.5,0.63,0.61
43,0.6,0.38,0.66,0.65
44,0.8,0.64,0.64,0.63
45,0.6,0.66,0.63,0.705
46,0.5,0.52,0.63,0.715
47,0.6,0.48,0.64,0.665
48,0.6,0.44,0.68,0.665
49,0.4,0.44,0.59,0.665
50,0.7,0.56,0.64,0.67
51,0.6,0.54,0.64,0.665
52,0.7,0.52,0.61,0.68
53,0.8,0.58,0.68,0.625
54,0.2,0.66,0.61,0.68
55,0.2,0.6,0.68,0.655
56,0.4,0.48,0.7,0.66
57,0.4,0.48,0.65,0.64
58,0.3,0.48,0.65,0.68
59,0.4,0.48,0.66,0.695
60,0.1,0.44,0.64,0.645
61,0.1,0.52,0.6,0.655
62,0.5,0.54,0.65,0.655
63,0.6,0.46,0.58,0.705
64,0.5,0.46,0.67,0.695
65,0.7,0.52,0.62,0.67
66,0.6,0.48,0.63,0.66
67,0.6,0.42,0.58,0.645
68,0.4,0.5,0.54,0.64
69,0.4,0.5,0.6,0.705
70,0.6,0.48,0.58,0.655
71,0.3,0.5,0.57,0.67
72,0.5,0.56,0.6,0.645
73,0.4,0.46,0.56,0.625
74,0.4,0.46,0.6,0.655
75,0.1,0.54,0.6,0.63
76,0.4,0.46,0.68,0.64
77,0.3,0.56,0.66,0.66
78,0.3,0.6,0.66,0.705
79,0.3,0.6,0.63,0.635
80,0.2,0.56,0.67,0.64
81,0.3,0.56,0.67,0.67
82,0.3,0.54,0.6,0.67
83,0.3,0.58,0.79,0.65
84,0.5,0.52,0.68,0.655
85,0.4,0.56,0.64,0.71
86,0.3,0.5,0.65,0.665
87,0.4,0.56,0.7,0.66
88,0.4,0.42,0.63,0.65
89,0.4,0.46,0.6,0.67
90,0.5,0.6,0.6,0.595
91,0.5,0.58,0.68,0.685
92,0.3,0.62,0.65,0.69
93,0.4,0.48,0.64,0.685
94,0.3,0.48,0.63,0.74
95,0.4,0.58,0.68,0.705
96,0.4,0.58,0.63,0.68
97,0.6,0.62,0.54,0.65
98,0.4,0.58,0.59,0.695
99,0.5,0.54,0.61,0.7
100,0.5,0.5,0.68,0.665
101,0.6,0.52,0.64,0.68
102,0.7,0.52,0.65,0.65
103,0.5,0.4,0.71,0.7
104,0.7,0.46,0.74,0.7
105,0.6,0.56,0.69,0.675
106,0.2,0.54,0.63,0.62
107,0.3,0.52,0.63,0.65
108,0.4,0.52,0.62,0.66
109,0.5,0.52,0.68,0.69
110,0.6,0.46,0.65,0.745
111,0.4,0.54,0.71,0.725
112,0.5,0.66,0.73,0.66
113,0.7,0.56,0.66,0.605
114,0.5,0.66,0.65,0.68
115,0.5,0.62,0.59,0.66
116,0.5,0.62,0.62,0.69
117,0.2,0.52,0.61,0.705
118,0.5,0.58,0.66,0.68
119,0.3,0.56,0.64,0.585
120,0.4,0.48,0.63,0.645
121,0.7,0.48,0.61,0.635
122,0.7,0.48,0.58,0.655
123,0.3,0.48,0.59,0.675
124,0.4,0.52,0.64,0.63
125,0.5,0.5,0.58,0.7
126,0.4,0.56,0.56,0.61
127,0.4,0.48,0.55,0.71
128,0.5,0.46,0.6,0.705
129,0.6,0.56,0.63,0.65
130,0.7,0.48,0.57,0.655
131,0.6,0.42,0.63,0.685
132,0.2,0.5,0.68,0.655
133,0.4,0.46,0.68,0.7
134,0.6,0.58,0.56,0.645
135,0.3,0.56,0.65,0.67
136,0.3,0.52,0.56,0.705
137,0.5,0.48,0.64,0.635
138,0.5,0.46,0.5,0.615
139,0.5,0.46,0.59,0.665
140,0.5,0.52,0.55,0.67
141,0.5,0.48,0.55,0.635
142,0.6,0.4,0.59,0.68
143,0.4,0.44,0.58,0.655
144,0.4,0.48,0.55,0.7
145,0.6,0.5,0.56,0.685
146,0.4,0.46,0.62,0.64
147,0.2,0.5,0.68,0.675
148,0.4,0.52,0.62,0.63
149,0.5,0.54,0.65,0.585
150,0.5,0.54,0.67,0.625
151,0.5,0.5,0.66,0.655
152,0.4,0.42,0.63,0.655
153,0.5,0.5,0.7,0.65
154,0.5,0.34,0.61,0.6
155,0.3,0.52,0.64,0.66
156,0.6,0.54,0.66,0.66
157,0.5,0.6,0.62,0.715
158,0.3,0.54,0.62,0.66
159,0.6,0.5,0.55,0.645
160,0.7,0.42,0.63,0.655
161,0.6,0.52,0.65,0.66
162,0.7,0.46,0.68,0.705
163,0.8,0.5,0.66,0.68
164,0.5,0.58,0.61,0.66
165,0.6,0.48,0.64,0.695
166,0.6,0.56,0.58,0.72
167,0.5,0.46,0.56,0.685
168,0.6,0.52,0.53,0.65
169,0.4,0.48,0.58,0.66
170,0.4,0.38,0.57,0.655
171,0.5,0.56,0.55,0.685
172,0.4,0.44,0.57,0.675
173,0.3,0.44,0.53,0.645
174,0.6,0.36,0.55,0.64
175,0.4,0.3,0.52,0.645
176,0.4,0.38,0.58,0.67
177,0.6,0.38,0.53,0.655
178,0.5,0.44,0.58,0.67
179,0.3,0.48,0.55,0.73
180,0.4,0.56,0.62,0.705
181,0.5,0.4,0.58,0.645
182,0.5,0.5,0.61,0.64
183,0.4,0.46,0.59,0.655
184,0.5,0.5,0.66,0.625
185,0.4,0.4,0.63,0.595
186,0.5,0.6,0.59,0.635
187,0.3,0.54,0.61,0.665
188,0.3,0.56,0.67,0.695
189,0.3,0.48,0.63,0.73
190,0.3,0.6,0.66,0.69
191,0.4,0.52,0.69,0.625
192,0.4,0.54,0.69,0.675
193,0.4,0.46,0.67,0.66
194,0.3,0.6,0.63,0.57
195,0.4,0.58,0.64,0.685
196,0.5,0.64,0.57,0.67
197,0.3,0.58,0.51,0.665
198,0.3,0.4,0.64,0.66
199,0.3,0.5,0.63,0.69
200,0.5,0.54,0.64,0.66
201,0.7,0.62,0.58,0.67
202,0.3,0.56,0.59,0.64
203,0.3,0.58,0.66,0.65
204,0.5,0.54,0.62,0.55
205,0.4,0.58,0.63,0.62
206,0.6,0.62,0.65,0.63
207,0.5,0.62,0.65,0.655
208,0.5,0.5,0.62,0.635
209,0.5,0.58,0.57,0.685
210,0.4,0.54,0.59,0.625
211,0.5,0.54,0.62,0.68
212,0.6,0.64,0.61,0.68
213,0.5,0.64,0.55,0.68
214,0.4,0.64,0.61,0.655
215,0.3,0.58,0.65,0.695
216,0.6,0.58,0.62,0.665
217,0.5,0.44,0.67,0.7
218,0.5,0.48,0.65,0.685
219,0.4,0.52,0.58,0.67
220,0.1,0.48,0.53,0.62
221,0.1,0.48,0.56,0.61
222,0.6,0.42,0.54,0.69
223,0.3,0.4,0.62,0.605
224,0.3,0.42,0.55,0.645
225,0.5,0.32,0.58,0.675
226,0.4,0.4,0.67,0.645
227,0.4,0.3,0.54,0.68
228,0.4,0.3,0.68,0.695
229,0.4,0.44,0.65,0.665
230,0.3,0.48,0.67,0.66
231,0.5,0.5,0.65,0.61
232,0.4,0.4,0.65,0.575
233,0.4,0.42,0.66,0.605
234,0.6,0.52,0.61,0.62
235,0.5,0.5,0.62,0.635
236,0.3,0.48,0.62,0.69
237,0.2,0.5,0.56,0.68
238,0.6,0.48,0.58,0.68
239,0.4,0.28,0.66,0.615
240,0.2,0.46,0.6,0.64
241,0.2,0.38,0.56,0.695
242,0.6,0.48,0.58,0.69
243,0.5,0.48,0.64,0.635
244,0.3,0.5,0.61,0.65
245,0.4,0.42,0.6,0.725
246,0.4,0.44,0.53,0.725
247,0.4,0.58,0.52,0.685
248,0.8,0.5,0.56,0.725
249,0.4,0.52,0.59,0.655
250,0.3,0.5,0.68,0.685
251,0.4,0.54,0.67,0.67
252,0.4,0.46,0.56,0.66
253,0.3,0.46,0.56,0.685
254,0.3,0.46,0.62,0.7
255,0.6,0.4,0.62,0.68
256,0.7,0.5,0.59,0.675
257,0.3,0.52,0.58,0.655
258,0.7,0.56,0.54,0.63
259,0.2,0.42,0.58,0.665
260,0.3,0.44,0.63,0.69
261,0.4,0.4,0.64,0.705
262,0.2,0.56,0.62,0.685
263,0.2,0.52,0.61,0.675
264,0.3,0.5,0.64,0.655
265,0.7,0.58,0.64,0.62
266,0.4,0.46,0.64,0.675
267,0.3,0.54,0.54,0.64
268,0.6,0.6,0.65,0.715
269,0.6,0.6,0.56,0.71
270,0.4,0.68,0.53,0.685
271,0.7,0.66,0.61,0.7
272,0.5,0.58,0.62,0.66
273,0.7,0.54,0.54,0.72
274,0.8,0.64,0.59,0.645
275,0.9,0.62,0.57,0.64
276,0.5,0.7,0.59,0.645
277,0.6,0.6,0.63,0.605
278,0.5,0.52,0.6,0.69
279,0.5,0.46,0.62,0.59
280,0.7,0.6,0.65,0.605
281,0.5,0.44,0.69,0.595
282,0.5,0.54,0.64,0.685
283,0.7,0.52,0.59,0.655
284,0.6,0.54,0.64,0.65
285,0.3,0.54,0.65,0.66
286,0.5,0.54,0.63,0.64
287,0.5,0.5,0.7,0.665
288,0.7,0.56,0.61,0.61
289,0.5,0.54,0.53,0.66
290,0.6,0.58,0.62,0.695
291,0.3,0.42,0.57,0.655
292,0.7,0.48,0.57,0.62
293,0.6,0.5,0.6,0.585
294,0.2,0.56,0.66,0.615
295,0.3,0.54,0.62,0.605
296,0.4,0.56,0.54,0.67
297,0.5,0.54,0.65,0.6
298,0.5,0.54,0.65,0.665
299,0.6,0.54,0.52,0.64
300,0.6,0.48,0.6,0.585
301,0.6,0.52,0.67,0.655
302,0.5,0.62,0.54,0.615
303,0.5,0.64,0.61,0.61
304,0.5,0.64,0.61,0.645
305,0.5,0.66,0.53,0.63
306,0.5,0.66,0.54,0.575
307,0.7,0.68,0.59,0.605
308,0.5,0.56,0.59,0.61
309,0.4,0.64,0.59,0.615
310,0.2,0.6,0.61,0.665
311,0.1,0.54,0.61,0.615
312,0.2,0.56,0.6,0.655
313,0.2,0.44,0.56,0.645
314,0.4,0.56,0.53,0.645
315,0.1,0.56,0.71,0.645
316,0.4,0.52,0.65,0.67
317,0.5,0.54,0.68,0.665
318,0.5,0.5,0.6,0.64
319,0.3,0.54,0.7,0.67
320,0.3,0.54,0.64,0.695
321,0.5,0.5,0.7,0.675
322,0.3,0.52,0.62,0.645
323,0.2,0.52,0.67,0.625
324,0.2,0.6,0.72,0.685
325,0.2,0.58,0.64,0.645
326,0.5,0.6,0.67,0.63
327,0.3,0.5,0.64,0.695
328,0.3,0.54,0.61,0.63
329,0.3,0.48,0.63,0.675
330,0.3,0.54,0.62,0.685
331,0.3,0.52,0.66,0.665
332,0.2,0.6,0.6,0.645
333,0.4,0.6,0.65,0.655
334,0.5,0.46,0.66,0.65
335,0.4,0.52,0.63,0.635
336,0.5,0.52,0.72,0.64
337,0.5,0.56,0.65,0.655
338,0.4,0.5,0.65,0.625
339,0.3,0.48,0.63,0.65
340,0.3,0.48,0.65,0.615
341,0.2,0.52,0.65,0.68
342,0.2,0.56,0.58,0.755
343,0.3,0.54,0.66,0.745
344,0.3,0.44,0.66,0.635
345,0.1,0.52,0.57,0.74
346,0.2,0.36,0.57,0.7
347,0.3,0.46,0.55,0.67
348,0.4,0.52,0.62,0.71
349,0.5,0.58,0.65,0.735
350,0.5,0.52,0.67,0.66
351,0.3,0.5,0.63,0.71
352,0.6,0.6,0.62,0.68
353,0.7,0.62,0.67,0.69
354,0.7,0.6,0.63,0.675
355,0.6,0.54,0.65,0.63
356,0.6,0.58,0.6,0.65
357,0.7,0.48,0.64,0.665
358,0.7,0.5,0.67,0.7
359,0.4,0.5,0.61,0.64
360,0.7,0.58,0.62,0.7
361,0.5,0.5,0.56,0.685
362,0.5,0.48,0.61,0.655
363,0.5,0.46,0.65,0.65
364,0.4,0.52,0.66,0.655
365,0.6,0.58,0.65,0.675
366,0.5,0.6,0.59,0.62
367,0.6,0.6,0.63,0.645
368,0.5,0.5,0.52,0.64
369,0.6,0.52,0.66,0.57
370,0.6,0.54,0.64,0.675
371,0.6,0.56,0.68,0.645
372,0.5,0.52,0.64,0.71
373,0.5,0.52,0.64,0.645
374,0.3,0.56,0.66,0.605
375,0.3,0.46,0.67,0.67
376,0.4,0.4,0.5,0.66
377,0.4,0.44,0.67,0.68
378,0.6,0.5,0.65,0.64
379,0.5,0.4,0.67,0.655
380,0.5,0.4,0.7,0.58
381,0.7,0.5,0.62,0.65
382,0.7,0.44,0.67,0.61
383,0.4,0.42,0.57,0.685
384,0.5,0.38,0.6,0.655
385,0.7,0.36,0.56,0.61
386,0.7,0.4,0.6,0.66
387,0.7,0.44,0.58,0.695
388,0.6,0.58,0.62,0.675
389,0.5,0.52,0.54,0.635
390,0.5,0.5,0.6,0.64
391,0.5,0.52,0.58,0.675
392,0.5,0.5,0.58,0.645
393,0.6,0.64,0.57,0.66
394,0.4,0.56,0.53,0.685
395,0.6,0.44,0.56,0.65
396,0.8,0.48,0.48,0.71
397,0.5,0.54,0.6,0.705
398,0.5,0.6,0.61,0.74
399,0.6,0.6,0.55,0.71
400,0.3,0.62,0.54,0.68
401,0.5,0.6,0.56,0.68
402,0.6,0.52,0.59,0.69
403,0.6,0.64,0.59,0.67
404,0.4,0.6,0.61,0.625
405,0.4,0.62,0.58,0.63
406,0.1,0.6,0.57,0.655
407,0.4,0.54,0.54,0.7
408,0.3,0.48,0.55,0.665
409,0.2,0.6,0.58,0.69
410,0.4,0.36,0.56,0.69
411,0.3,0.54,0.57,0.705
412,0.5,0.56,0.58,0.655
413,0.5,0.5,0.58,0.71
414,0.5,0.52,0.56,0.625
415,0.3,0.52,0.59,0.72
416,0.4,0.54,0.52,0.695
417,0.5,0.48,0.6,0.685
418,0.2,0.54,0.56,0.66
419,0.5,0.44,0.65,0.695
420,0.5,0.56,0.63,0.68
421,0.6,0.42,0.67,0.575
422,0.6,0.42,0.65,0.6
423,0.6,0.38,0.61,0.6
424,0.5,0.44,0.62,0.64
425,0.5,0.46,0.62,0.595
426,0.8,0.46,0.61,0.65
427,0.5,0.46,0.63,0.6
428,0.5,0.46,0.63,0.68
429,0.6,0.48,0.61,0.68
430,0.3,0.5,0.63,0.655
431,0.3,0.5,0.58,0.59
432,0.5,0.36,0.6,0.685
433,0.5,0.48,0.57,0.665
434,0.7,0.54,0.55,0.69
435,0.3,0.42,0.58,0.685
436,0.5,0.52,0.63,0.705
437,0.2,0.48,0.64,0.73
438,0.4,0.34,0.64,0.66
439,0.4,0.38,0.72,0.705
440,0.5,0.44,0.61,0.64
441,0.6,0.46,0.65,0.675
442,0.4,0.5,0.7,0.68
443,0.2,0.44,0.65,0.68
444,0.5,0.4,0.61,0.645
445,0.5,0.42,0.67,0.655
446,0.5,0.38,0.63,0.66
447,0.3,0.44,0.66,0.65
448,0.8,0.42,0.7,0.67
449,0.8,0.42,0.57,0.61
450,0.7,0.44,0.64,0.63
451,0.5,0.46,0.69,0.63
452,0.6,0.38,0.67,0.61
453,0.7,0.36,0.66,0.655
454,0.5,0.48,0.66,0.705
455,0.6,0.52,0.55,0.685
456,0.5,0.46,0.61,0.675
457,0.1,0.52,0.65,0.64
458,0.4,0.48,0.59,0.67
459,0.3,0.46,0.65,0.675
460,0.4,0.42,0.59,0.65
461,0.3,0.42,0.6,0.64
462,0.7,0.4,0.67,0.705
463,0.5,0.44,0.59,0.65
464,0.4,0.46,0.6,0.635
465,0.5,0.52,0.59,0.665
466,0.4,0.4,0.63,0.68
467,0.5,0.46,0.64,0.61
468,0.5,0.52,0.57,0.675
469,0.5,0.48,0.58,0.655
470,0.5,0.56,0.62,0.635
471,0.4,0.46,0.6,0.615
472,0.5,0.5,0.62,0.645
473,0.6,0.44,0.59,0.695
474,0.6,0.5,0.57,0.675
475,0.4,0.44,0.59,0.67
476,0.4,0.52,0.6,0.645
477,0.3,0.56,0.62,0.675
478,0.5,0.42,0.61,0.655
479,0.8,0.52,0.71,0.66
480,0.8,0.46,0.6,0.585
481,0.5,0.5,0.6,0.61
482,0.8,0.48,0.6,0.61
483,0.6,0.6,0.53,0.67
484,0.4,0.52,0.5,0.67
485,0.7,0.46,0.53,0.665
486,0.5,0.62,0.6,0.66
487,0.4,0.64,0.66,0.67
488,0.6,0.5,0.59,0.63
489,0.5,0.46,0.59,0.705
490,0.3,0.46,0.59,0.655
491,0.3,0.46,0.6,0.675
492,0.2,0.56,0.66,0.675
493,0.4,0.34,0.63,0.66
494,0.4,0.4,0.58,0.665
495,0.5,0.44,0.58,0.675
496,0.4,0.46,0.57,0.63
497,0.5,0.36,0.58,0.6
498,0.6,0.36,0.62,0.64
499,0.8,0.36,0.62,0.675
